{"cameraMode":{"drawMode":0,"name":"Shaded","section":"Shading Mode"},"sceneLighting":true,"audioPlay":false,"sceneViewState":{"showFog":true,"showMaterialUpdate":false,"showSkybox":true,"showFlares":true,"showImageEffects":true,"showParticleSystems":true},"in2DMode":false,"pivot":{"x":1.1886112689971924,"y":-6.6228227615356449,"z":1.309539556503296},"rotation":{"x":-0.7171646356582642,"y":-0.008990542031824589,"z":0.009253762662410736,"w":-0.6967843770980835},"size":12.760598182678223,"orthographic":false}